club_id,club,division,venue,asset,bytes,sha256,source_pack
amber-step,Amber Step,Velmora League Two,Waystation Park,assets/quidditch-engine/arenas/clubs/amber-step.webp,318306,03984173e545bb35fa76e5db2e4ead6ecc0e15c4ff64f9cca9f10674c0013d26,Velmora_League_Two_Stadiums_18_Map_Set(1)
ashwick,Ashwick,Repo Sports League,Old Ember,assets/quidditch-engine/arenas/clubs/ashwick.webp,355744,3278f7609cf90ba26066070bf4e750f4da1a7d58c2e0299a01c6bf411e87d334,Repo_Sports_League_18_Stadiums_First_Pass_v1
aurelia,Aurelia,Repo Sports League,The Aureate,assets/quidditch-engine/arenas/clubs/aurelia.webp,447930,07655027f948483a1e37087a32401ecf89b8822a00932d1f815e71d16f373ba7,Repo_Sports_League_18_Stadiums_First_Pass_v1
bellacosta,Bellacosta,Velmora Championship,Marina Bell,assets/quidditch-engine/arenas/clubs/bellacosta.webp,325720,9377436829a9e6cab4f5ff8e05eba47a3e00f61896353f291f46a24d83dcdd9b,Velmora_Championship_Stadiums_18_Map_Set(1)
bellavue,Bellavue,Velmora League Two,Balcony Field,assets/quidditch-engine/arenas/clubs/bellavue.webp,402712,b5116fd83bfbe97be4961b481bf769bec5dc230f4f54371a409fea134f3cb807,Velmora_League_Two_Stadiums_18_Map_Set(1)
bellgrave,Bellgrave,Velmora Championship,Old Bell Ground,assets/quidditch-engine/arenas/clubs/bellgrave.webp,305240,d3188bc85a6f4362fd5204f1a59cd9135d6b90e4d79b570d3332e2c9abd886c7,Velmora_Championship_Stadiums_18_Map_Set(1)
blackglass,Blackglass,Repo Sports League,Blackglass Crown Arena,assets/quidditch-engine/arenas/clubs/blackglass.webp,380458,4540cdaf42a7a8ba193d67b5914518a57485073c1415589f1d5f47cc2a92d981,Repo_Sports_League_18_Stadiums_First_Pass_v1
braska-forge,Braska Forge,Velmora League Two,Hammer Yard,assets/quidditch-engine/arenas/clubs/braska-forge.webp,372644,ff55e883055a90a41145ff9836ed978bd38bf97385b806632d48243586723433,Velmora_League_Two_Stadiums_18_Map_Set(1)
caldria-1-alto-vescari,Alto Vescari,Caldrian Prima Corona,Alto Vescari Corona Arena,assets/quidditch-engine/arenas/clubs/caldria-1-alto-vescari.webp,389088,33344c8a6e4b113ae03a098b3283525de61a64d6331595b3002ea1fd36ca78ac,caldria-stadiums
caldria-1-arco-nerano,Arco Nerano,Caldrian Prima Corona,Arco Nerano Corona Arena,assets/quidditch-engine/arenas/clubs/caldria-1-arco-nerano.webp,374132,d68b75dca0c3975c4c83c78c6e0dbe18cc8970674cc333196da0aa0fc0a5e376,caldria-stadiums
caldria-1-bellacorte,Bellacorte,Caldrian Prima Corona,Bellacorte Corona Arena,assets/quidditch-engine/arenas/clubs/caldria-1-bellacorte.webp,381752,dd98e186d35fcbe9e36d25d229808d901683508cf551fec4f55a5586a1e9a764,caldria-stadiums
caldria-1-castellaro,Castellaro,Caldrian Prima Corona,Castellaro Corona Arena,assets/quidditch-engine/arenas/clubs/caldria-1-castellaro.webp,367216,3fe0a813681308a1478533076de17ec9de0b4f158c0991b87915affdc6e17712,caldria-stadiums
caldria-1-citta-ordelia,Citta Ordelia,Caldrian Prima Corona,Citta Ordelia Corona Arena,assets/quidditch-engine/arenas/clubs/caldria-1-citta-ordelia.webp,362628,92408d3030fcd05365f098cad2bc863ab485be3ce0e9ae9ac5a35c74665fe0c1,caldria-stadiums
caldria-1-ferrovia-carmina,Ferrovia Carmina,Caldrian Prima Corona,Ferrovia Carmina Corona Arena,assets/quidditch-engine/arenas/clubs/caldria-1-ferrovia-carmina.webp,390288,9d7c0ebbb102a4ffb7f5f03c77aa36adccbda7f08866cce4dd8fb20fc0c81275,caldria-stadiums
caldria-1-lupo-doro,Lupo d'Oro,Caldrian Prima Corona,Lupo d'Oro Corona Arena,assets/quidditch-engine/arenas/clubs/caldria-1-lupo-doro.webp,438462,b0df5665c5f7d21ea2c8cd8ced02734b1e342a84b27c85d47d22e7332e95d4db,caldria-stadiums
caldria-1-marina-serene,Marina Serene,Caldrian Prima Corona,Marina Serene Corona Arena,assets/quidditch-engine/arenas/clubs/caldria-1-marina-serene.webp,323384,edb2e33a96cee2febc60ccef378599ab3fe4682e0999a7600a761022714f56ea,caldria-stadiums
caldria-1-monte-azzera,Monte Azzera,Caldrian Prima Corona,Monte Azzera Corona Arena,assets/quidditch-engine/arenas/clubs/caldria-1-monte-azzera.webp,348966,8ccc66af532cc0b825079536663baa08a888f7d24fa4326f62c04942130adc1c,caldria-stadiums
caldria-1-neravalle,Neravalle,Caldrian Prima Corona,Neravalle Corona Arena,assets/quidditch-engine/arenas/clubs/caldria-1-neravalle.webp,375894,d49a20101e8dda536792f446e03739e99f7749f01801f6c1f953d8dea6ca2203,caldria-stadiums
caldria-1-palazzo-verde,Palazzo Verde,Caldrian Prima Corona,Palazzo Verde Corona Arena,assets/quidditch-engine/arenas/clubs/caldria-1-palazzo-verde.webp,392240,691dd3994eb94e30f0b95a24697a9d79979d7fcd49d051ba5029c9b5a4c6329c,caldria-stadiums
caldria-1-portocielo,Portocielo,Caldrian Prima Corona,Portocielo Corona Arena,assets/quidditch-engine/arenas/clubs/caldria-1-portocielo.webp,370756,4d732bf7a847e143f61e0eac7bbebfb2d1433c2c363283b2437b80870da6f032,caldria-stadiums
caldria-1-rosavera,Rosavera,Caldrian Prima Corona,Rosavera Corona Arena,assets/quidditch-engine/arenas/clubs/caldria-1-rosavera.webp,321530,98f9ea09595d5ae51f2b3f73d8c40a70d3cbde309e0fd13597610cc0119b85e8,caldria-stadiums
caldria-1-san-virello,San Virello,Caldrian Prima Corona,San Virello Corona Arena,assets/quidditch-engine/arenas/clubs/caldria-1-san-virello.webp,410622,a92f185afa043521a8aa965e00c3b4a01726f53ee07957f41fed93b139a7f9f5,caldria-stadiums
caldria-1-solenza,Solenza,Caldrian Prima Corona,Solenza Corona Arena,assets/quidditch-engine/arenas/clubs/caldria-1-solenza.webp,417748,38f1b4a08d424a673467825ac94589acaebc5680ea126dd1875534148baeba98,caldria-stadiums
caldria-1-torre-lucente,Torre Lucente,Caldrian Prima Corona,Torre Lucente Corona Arena,assets/quidditch-engine/arenas/clubs/caldria-1-torre-lucente.webp,385622,1ad1a5ba524d71afb6da562b6a39bfcd7d935b4d156311fecb1ba6391ad6f2c9,caldria-stadiums
caldria-1-valdoro,Valdoro,Caldrian Prima Corona,Valdoro Corona Arena,assets/quidditch-engine/arenas/clubs/caldria-1-valdoro.webp,380784,cc6744f2e21fe18156246317d240cba211af238e57b7a6cf209069bbc88882c5,caldria-stadiums
caldria-1-ventomare,Ventomare,Caldrian Prima Corona,Ventomare Corona Arena,assets/quidditch-engine/arenas/clubs/caldria-1-ventomare.webp,272298,61e78809597507cc49433a81891e6c4590eee5c231324ddc496c8923d88c9b39,caldria-stadiums
caldria-2-borgo-sera,Borgo Sera,Caldrian Serie Argento,Borgo Sera Civic Ground,assets/quidditch-engine/arenas/clubs/caldria-2-borgo-sera.webp,291180,98e362fb59553ffdfb37f91ea69c2a54c4ab5b8b1d8ea096ad1f67f37bd934bf,caldria-stadiums
caldria-2-cala-vesta,Cala Vesta,Caldrian Serie Argento,Cala Vesta Civic Ground,assets/quidditch-engine/arenas/clubs/caldria-2-cala-vesta.webp,305198,f02e2c838094477b49e77d221b1e96a247782c2134c4f479442a54c3a04f4beb,caldria-stadiums
caldria-2-carmina-vecchia,Carmina Vecchia,Caldrian Serie Argento,Carmina Vecchia Civic Ground,assets/quidditch-engine/arenas/clubs/caldria-2-carmina-vecchia.webp,316548,84de83172ed595eb49f0b3b4599147057599ea87b4ec1bbd2de1f54e411e1c75,caldria-stadiums
caldria-2-castello-rosso,Castello Rosso,Caldrian Serie Argento,Castello Rosso Civic Ground,assets/quidditch-engine/arenas/clubs/caldria-2-castello-rosso.webp,327770,4f7532e52f8d2adc6de8664dae84a6b5c10fcf015a0811dd9c2ac30cf02c441f,caldria-stadiums
caldria-2-fontana-alta,Fontana Alta,Caldrian Serie Argento,Fontana Alta Civic Ground,assets/quidditch-engine/arenas/clubs/caldria-2-fontana-alta.webp,315248,33d6e15216dbff714c4794b1372a76ecbef24c4b7b5889e069ac2cc3024e8487,caldria-stadiums
caldria-2-isola-vendra,Isola Vendra,Caldrian Serie Argento,Isola Vendra Civic Ground,assets/quidditch-engine/arenas/clubs/caldria-2-isola-vendra.webp,275912,9b9a970a085e0d8614a10b2f06fc7aa624da6ebf5fbbf04d601cb04860ccc12d,caldria-stadiums
caldria-2-lucenna-alta,Lucenna Alta,Caldrian Serie Argento,Lucenna Alta Civic Ground,assets/quidditch-engine/arenas/clubs/caldria-2-lucenna-alta.webp,346954,f36c5a65800eaefabd032d57132381a60aa816963fbc7d495969e27c661afc08,caldria-stadiums
caldria-2-monteluce,Monteluce,Caldrian Serie Argento,Monteluce Civic Ground,assets/quidditch-engine/arenas/clubs/caldria-2-monteluce.webp,295596,c7dd2384482996fb27595605a56ecc7759cc6ac569ce3fadea9d9a87d4c1511d,caldria-stadiums
caldria-2-piana-doro,Piana d'Oro,Caldrian Serie Argento,Piana d'Oro Civic Ground,assets/quidditch-engine/arenas/clubs/caldria-2-piana-doro.webp,320008,541ec897c5f1a28a3c55532aa818cf1843b22cae185bb71371b5ae028cf6f262,caldria-stadiums
caldria-2-porto-bellano,Porto Bellano,Caldrian Serie Argento,Porto Bellano Civic Ground,assets/quidditch-engine/arenas/clubs/caldria-2-porto-bellano.webp,303396,4dff8c63e11809afdb31acf7306db07729d6845c0906d01254f0a6d9b91a2473,caldria-stadiums
caldria-2-porto-nerello,Porto Nerello,Caldrian Serie Argento,Porto Nerello Civic Ground,assets/quidditch-engine/arenas/clubs/caldria-2-porto-nerello.webp,255926,e0c618d556b9227811acc892a782e9821e0be6ac6804394acf07b948157fa76d,caldria-stadiums
caldria-2-rocca-merida,Rocca Merida,Caldrian Serie Argento,Rocca Merida Civic Ground,assets/quidditch-engine/arenas/clubs/caldria-2-rocca-merida.webp,289922,a113bb8c47350254edb967500707239a89ecbb9551af5a4d2039f953a90e7a9d,caldria-stadiums
caldria-2-santa-mirella,Santa Mirella,Caldrian Serie Argento,Santa Mirella Civic Ground,assets/quidditch-engine/arenas/clubs/caldria-2-santa-mirella.webp,335722,42fc3120fec722bd424dc8aac6610fe4c9a0dcc50dc5e8922c8073c72c60ff83,caldria-stadiums
caldria-2-selvarosa,Selvarosa,Caldrian Serie Argento,Selvarosa Civic Ground,assets/quidditch-engine/arenas/clubs/caldria-2-selvarosa.webp,264540,5197726796a74fc61e1f63abfb3ef2b7df7c128fba63801639c89203165a2606,caldria-stadiums
caldria-2-seravento,Seravento,Caldrian Serie Argento,Seravento Civic Ground,assets/quidditch-engine/arenas/clubs/caldria-2-seravento.webp,338358,39996481ddd5057e06fae8e6362fccd240266cc22792111b3c23e29792065166,caldria-stadiums
caldria-2-torvanni-blu,Torvanni Blu,Caldrian Serie Argento,Torvanni Blu Civic Ground,assets/quidditch-engine/arenas/clubs/caldria-2-torvanni-blu.webp,286436,1cb5fb58322697b9f525118c383f088e295ade1cbb907666b7e79b1f0b17f861,caldria-stadiums
caldria-2-valle-corina,Valle Corina,Caldrian Serie Argento,Valle Corina Civic Ground,assets/quidditch-engine/arenas/clubs/caldria-2-valle-corina.webp,329688,b09d0aa19e0b8c8fcedcb43bd96e8f426c8828c4836a1c1b6560a992c167dda2,caldria-stadiums
caldria-2-vallo-terenza,Vallo Terenza,Caldrian Serie Argento,Vallo Terenza Civic Ground,assets/quidditch-engine/arenas/clubs/caldria-2-vallo-terenza.webp,379596,1818a6ca4d78b35f9e9adb4a3be7588a79515c7a40f8421ba07aad7d8b1aedb4,caldria-stadiums
caldria-3-alto-carmino,Alto Carmino,Caldrian Lega Terza,Alto Carmino Terza Campo,assets/quidditch-engine/arenas/clubs/caldria-3-alto-carmino.webp,364036,3903b23a2880e93c13a57b92bf49e258bdb7e54396331b09ec8fba5ed1d6eb5c,caldria-stadiums
caldria-3-bellacosta-nord,Bellacosta Nord,Caldrian Lega Terza,Bellacosta Nord Terza Campo,assets/quidditch-engine/arenas/clubs/caldria-3-bellacosta-nord.webp,321052,b382b6bdf1f813ef14fd6e8ee9eca97e5b36557d0824714f2f6e201434167c23,caldria-stadiums
caldria-3-borgo-lira,Borgo Lira,Caldrian Lega Terza,Borgo Lira Terza Campo,assets/quidditch-engine/arenas/clubs/caldria-3-borgo-lira.webp,312824,17dd9816fd2287ceb6a1ed3a0ecd019fef9abaee8e902b50212ddebdc933a01a,caldria-stadiums
caldria-3-campo-lucente,Campo Lucente,Caldrian Lega Terza,Campo Lucente Terza Campo,assets/quidditch-engine/arenas/clubs/caldria-3-campo-lucente.webp,306314,735f5961cf0cd0de34264b6499bd37f8e8a14c23d067503f87c07a476115ca12,caldria-stadiums
caldria-3-castello-nera,Castello Nera,Caldrian Lega Terza,Castello Nera Terza Campo,assets/quidditch-engine/arenas/clubs/caldria-3-castello-nera.webp,224242,579e80a6d2355f1fdf95de5449729333f0086d7b551c4e22468a69fd50e38084,caldria-stadiums
caldria-3-colleverde,Colleverde,Caldrian Lega Terza,Colleverde Terza Campo,assets/quidditch-engine/arenas/clubs/caldria-3-colleverde.webp,354898,92403c130f911816209a5551ac40ba759a8b66397bf03c10b0d6eb3d6a67e37e,caldria-stadiums
caldria-3-marina-orsa,Marina Orsa,Caldrian Lega Terza,Marina Orsa Terza Campo,assets/quidditch-engine/arenas/clubs/caldria-3-marina-orsa.webp,231636,0c3f9c8b514d59c98c27ee169dabe47c28dfbeb1fb7118442967a0687a45fb4e,caldria-stadiums
caldria-3-monte-cervo,Monte Cervo,Caldrian Lega Terza,Monte Cervo Terza Campo,assets/quidditch-engine/arenas/clubs/caldria-3-monte-cervo.webp,332132,64e133cf7f0ff246b5fdd28538e82b1575a2f603bf9a872ab9c472e82d8bc754,caldria-stadiums
caldria-3-muro-dargento,Muro d'Argento,Caldrian Lega Terza,Muro d'Argento Terza Campo,assets/quidditch-engine/arenas/clubs/caldria-3-muro-dargento.webp,270908,1f3a22bab8b8e7f99273ea3e16231e72021fc8410db905c84fc3ca22e6861833,caldria-stadiums
caldria-3-ordelia-marina,Ordelia Marina,Caldrian Lega Terza,Ordelia Marina Terza Campo,assets/quidditch-engine/arenas/clubs/caldria-3-ordelia-marina.webp,271688,bbcc6bd0c70573ba0ec4a2258e1bf6b3ce088e17679334337a0c8458c3061717,caldria-stadiums
caldria-3-ponte-calessa,Ponte Calessa,Caldrian Lega Terza,Ponte Calessa Terza Campo,assets/quidditch-engine/arenas/clubs/caldria-3-ponte-calessa.webp,356008,2008b145a5d53f698630b056148a97746c36cda74496dc324557ba1747d4db22,caldria-stadiums
caldria-3-porto-fiamma,Porto Fiamma,Caldrian Lega Terza,Porto Fiamma Terza Campo,assets/quidditch-engine/arenas/clubs/caldria-3-porto-fiamma.webp,296356,486160fa285f58c6c505e26655b0c542682481f33b6617a46a34c39b1bc503ec,caldria-stadiums
caldria-3-san-torano,San Torano,Caldrian Lega Terza,San Torano Terza Campo,assets/quidditch-engine/arenas/clubs/caldria-3-san-torano.webp,334636,aeb28f5b94a75b0ceb66f7a830cf1368245ed7aa1cf31be70f6fcb8411493290,caldria-stadiums
caldria-3-serravino-est,Serravino Est,Caldrian Lega Terza,Serravino Est Terza Campo,assets/quidditch-engine/arenas/clubs/caldria-3-serravino-est.webp,286450,92ec2e3afcc43d52622a1c570557ffc93cd3768353f790b05ff02e6c53a26815,caldria-stadiums
caldria-3-torre-bianca,Torre Bianca,Caldrian Lega Terza,Torre Bianca Terza Campo,assets/quidditch-engine/arenas/clubs/caldria-3-torre-bianca.webp,253382,bdce369f2e1e8741423e7915e0a18db955ccdad7c2a94dcaab49736bde340eca,caldria-stadiums
caldria-3-valle-stella,Valle Stella,Caldrian Lega Terza,Valle Stella Terza Campo,assets/quidditch-engine/arenas/clubs/caldria-3-valle-stella.webp,264462,29c4cf78b371be8f338d678798c4a71b118aea797760d008641070676590555b,caldria-stadiums
caldria-3-vespara-uno,Vespara Uno,Caldrian Lega Terza,Vespara Uno Terza Campo,assets/quidditch-engine/arenas/clubs/caldria-3-vespara-uno.webp,261610,f06373d78b9d95c25ccaa2b7deb3a3e532a370c282bb030345cfa18e20cb2a9c,caldria-stadiums
caldria-3-vignavera,Vignavera,Caldrian Lega Terza,Vignavera Terza Campo,assets/quidditch-engine/arenas/clubs/caldria-3-vignavera.webp,403836,19fcdf2c730cbd69ebad5e96840179b7c208dd315d1ead560868fd593e481c97,caldria-stadiums
caldria-4-bellamura,Bellamura,Caldrian Campionato Popolare,Bellamura Popolare Arena,assets/quidditch-engine/arenas/clubs/caldria-4-bellamura.webp,338580,aedd5cb1371b8faf12131fac9d2d510acb4ebbaa4379cde72f52fd73ff8b0aaa,caldria-stadiums
caldria-4-borgo-nove,Borgo Nove,Caldrian Campionato Popolare,Borgo Nove Popolare Arena,assets/quidditch-engine/arenas/clubs/caldria-4-borgo-nove.webp,360686,a05527fa9d9a883cce64d67bb55f7b4ba93af151ec306666697bc71b95445b4d,caldria-stadiums
caldria-4-cala-fiora,Cala Fiora,Caldrian Campionato Popolare,Cala Fiora Popolare Arena,assets/quidditch-engine/arenas/clubs/caldria-4-cala-fiora.webp,272376,6a333a78de7ca874241f0d32eab70c7d31c2e4260ac57ba23614186a7e6f0f81,caldria-stadiums
caldria-4-campo-dambra,Campo d'Ambra,Caldrian Campionato Popolare,Campo d'Ambra Popolare Arena,assets/quidditch-engine/arenas/clubs/caldria-4-campo-dambra.webp,292990,c4316d899d93e2a9537a76a716c101374741a6c0e47de388e0285f7f4f1fa223,caldria-stadiums
caldria-4-carmina-bassa,Carmina Bassa,Caldrian Campionato Popolare,Carmina Bassa Popolare Arena,assets/quidditch-engine/arenas/clubs/caldria-4-carmina-bassa.webp,282174,396f8b9532dec4875ebae1b3a531345f13be9071e1210a0cdd7b72ea49c718a2,caldria-stadiums
caldria-4-isola-rossa,Isola Rossa,Caldrian Campionato Popolare,Isola Rossa Popolare Arena,assets/quidditch-engine/arenas/clubs/caldria-4-isola-rossa.webp,298596,c323b4d568901587e2ac6e2c55613a33ba6eb0354ffabcb5f3cef0e6d8980c5b,caldria-stadiums
caldria-4-lucenza-sud,Lucenza Sud,Caldrian Campionato Popolare,Lucenza Sud Popolare Arena,assets/quidditch-engine/arenas/clubs/caldria-4-lucenza-sud.webp,290362,8916f825be46c673d6d2ceeecdd718b53d21c3505a36c5a42f1675ff22e9fd6e,caldria-stadiums
caldria-4-monte-santi,Monte Santi,Caldrian Campionato Popolare,Monte Santi Popolare Arena,assets/quidditch-engine/arenas/clubs/caldria-4-monte-santi.webp,317814,67067a9785f5771aa3941d5699da235f11840c124d2346bb6320a2953bc0766e,caldria-stadiums
caldria-4-montenera,Montenera,Caldrian Campionato Popolare,Montenera Popolare Arena,assets/quidditch-engine/arenas/clubs/caldria-4-montenera.webp,237496,209b0feccbaa6c65912e3352ff3d12f8c9f640ce419bf540177e7c2b51ba0acf,caldria-stadiums
caldria-4-ordelia-verde,Ordelia Verde,Caldrian Campionato Popolare,Ordelia Verde Popolare Arena,assets/quidditch-engine/arenas/clubs/caldria-4-ordelia-verde.webp,322994,77a1afd81692b945bb829ba6a9f7528e60ce7ab9061b514629102ffde6b8ea46,caldria-stadiums
caldria-4-porto-lento,Porto Lento,Caldrian Campionato Popolare,Porto Lento Popolare Arena,assets/quidditch-engine/arenas/clubs/caldria-4-porto-lento.webp,281426,ae1f471466cc497bc0442cb77363688117e226f5aa0e9bba1d8a949d10a7726b,caldria-stadiums
caldria-4-riva-sola,Riva Sola,Caldrian Campionato Popolare,Riva Sola Popolare Arena,assets/quidditch-engine/arenas/clubs/caldria-4-riva-sola.webp,352688,cc42abddae4143e05cc6a682a1133e6d11e9e51931a8d8d2586e8902525233d5,caldria-stadiums
caldria-4-rocca-venti,Rocca Venti,Caldrian Campionato Popolare,Rocca Venti Popolare Arena,assets/quidditch-engine/arenas/clubs/caldria-4-rocca-venti.webp,254716,815fdc0387c7ab700b6808466f716f8889a3ffa300fac03f9048c334bd0597cd,caldria-stadiums
caldria-4-santa-corra,Santa Corra,Caldrian Campionato Popolare,Santa Corra Popolare Arena,assets/quidditch-engine/arenas/clubs/caldria-4-santa-corra.webp,327500,a94d3da8a0265d2c8e5a334ccba0ebbca97bef8b4622bacbd01d9ef7020b5b89,caldria-stadiums
caldria-4-serrano-mare,Serrano Mare,Caldrian Campionato Popolare,Serrano Mare Popolare Arena,assets/quidditch-engine/arenas/clubs/caldria-4-serrano-mare.webp,221792,7e9c7f9ffe9b3183c6c4274d6a92f121d0031dc95ea35f076acc899d788c7ee8,caldria-stadiums
caldria-4-torre-piccola,Torre Piccola,Caldrian Campionato Popolare,Torre Piccola Popolare Arena,assets/quidditch-engine/arenas/clubs/caldria-4-torre-piccola.webp,436016,89b5c81ae1b7af32a8665826da01c9fee795d07822547baf3f233bd63b713173,caldria-stadiums
caldria-4-vallecielo,Vallecielo,Caldrian Campionato Popolare,Vallecielo Popolare Arena,assets/quidditch-engine/arenas/clubs/caldria-4-vallecielo.webp,233554,38fdd5025c1ca0b6e178386ab8aa0ec146c1f61d0465eb4100a0388cde3b458b,caldria-stadiums
caldria-4-vescari-ovest,Vescari Ovest,Caldrian Campionato Popolare,Vescari Ovest Popolare Arena,assets/quidditch-engine/arenas/clubs/caldria-4-vescari-ovest.webp,330098,9f4273324faf4621d5b55ad89eaddc9e415657501d3c06d1397b13f52fda7ab7,caldria-stadiums
canto-vale,Canto Vale,Velmora League Two,Plains Ring,assets/quidditch-engine/arenas/clubs/canto-vale.webp,263212,a32eecf8ca91185354fb75515049f93f7ec81a5dd4dda3cdb6825c87abe1f35e,Velmora_League_Two_Stadiums_18_Map_Set(1)
cinderbank,Cinderbank,Repo Sports League,Riftbank,assets/quidditch-engine/arenas/clubs/cinderbank.webp,413880,c1ca51b7cc476d8b883f98120c9594bfab5821be88e6d2a9e57baa96012aa646,Repo_Sports_League_18_Stadiums_First_Pass_v1
cressonne,Cressonne,Velmora League One,Crescent Steps,assets/quidditch-engine/arenas/clubs/cressonne.webp,427462,b2e12282a412d0d8ab2e779fa48e22999f351bb6ee5fca322255a389281e40dd,Velmora_League_One_Stadiums_18_Map_Set(1)
damba-vale,Damba Vale,Velmora League One,Harvest Bowl,assets/quidditch-engine/arenas/clubs/damba-vale.webp,487738,33394e4ae1f0a0c018e76feaa206681a5a68ec50677c4690c0664155159500a0,Velmora_League_One_Stadiums_18_Map_Set(1)
drazh-hollow,Drazh Hollow,Repo Sports League,Hollowdeep,assets/quidditch-engine/arenas/clubs/drazh-hollow.webp,349938,5fe92211256533cd85e9bf183dcefc715c245716015e2bef4b357b15544543ba,Repo_Sports_League_18_Stadiums_First_Pass_v1
dunmarsh,Dunmarsh,Velmora League Two,The Earthworks,assets/quidditch-engine/arenas/clubs/dunmarsh.webp,300918,8df46df60ad9b9a8267e2cb97105f61b46a4add2a8ceb2206bb8f37d0c2b7386,Velmora_League_Two_Stadiums_18_Map_Set(1)
eisbruck,Eisbruck,Velmora Championship,Bridgehold,assets/quidditch-engine/arenas/clubs/eisbruck.webp,357424,b63cce18334283ec16f1ac6430169c64ee168e6485a1009d88266dcd175e9a1a,Velmora_Championship_Stadiums_18_Map_Set(1)
elvara-green,Elvara Green,Velmora League One,The Common,assets/quidditch-engine/arenas/clubs/elvara-green.webp,450376,d9b73cbf3869a769d5234e287f8179dcc36bc92d56a3a545b508759d90c1b684,Velmora_League_One_Stadiums_18_Map_Set(1)
ezuraya-1-akebara,Akebara,Ezurayan Sky League,Akebara Sky Dome,assets/quidditch-engine/arenas/clubs/ezuraya-1-akebara.webp,341772,00a74d2435b389a00a78dff100fe4c9ffe72aa03615da236f3d4c0a2fc33ef7b,ezuraya-stadiums
ezuraya-1-aokaze-flight,Aokaze Flight,Ezurayan Sky League,Aokaze Flight Sky Dome,assets/quidditch-engine/arenas/clubs/ezuraya-1-aokaze-flight.webp,311166,73b7003e77316c4609605dd85cb0d5d29551fb56a530bf05ebdcc757acb5ba59,ezuraya-stadiums
ezuraya-1-daisora-lanterns,Daisora Lanterns,Ezurayan Sky League,Daisora Lanterns Sky Dome,assets/quidditch-engine/arenas/clubs/ezuraya-1-daisora-lanterns.webp,322332,9bc3f58ee6581be35dc60e0a5848adf8f21f9c3f3bd8b97e3e17c4dce385bc9a,ezuraya-stadiums
ezuraya-1-hoshin-bay,Hoshin Bay,Ezurayan Sky League,Hoshin Bay Sky Dome,assets/quidditch-engine/arenas/clubs/ezuraya-1-hoshin-bay.webp,308130,1c433729bfe39b48360b13e2992162823544083319a5f6d4aeaacc6979703fa0,ezuraya-stadiums
ezuraya-1-kaishin-crown,Kaishin Crown,Ezurayan Sky League,Kaishin Crown Sky Dome,assets/quidditch-engine/arenas/clubs/ezuraya-1-kaishin-crown.webp,368480,3a78b53c8f63ced385f9d67c8871c55275bfec770b58d0eca495eb1794734afd,ezuraya-stadiums
ezuraya-1-kintori,Kintori,Ezurayan Sky League,Kintori Sky Dome,assets/quidditch-engine/arenas/clubs/ezuraya-1-kintori.webp,329976,1f67d30972d125a10ae851c9da5fe8aef20bbf51d1972d5bb0126ac8a066f1f5,ezuraya-stadiums
ezuraya-1-kurohana,Kurohana,Ezurayan Sky League,Kurohana Sky Dome,assets/quidditch-engine/arenas/clubs/ezuraya-1-kurohana.webp,217774,c6fdc9eb2241a87ad0488b07dbee257fc5d120f1fc9d50345cad8093303a1309,ezuraya-stadiums
ezuraya-1-mizurai,Mizurai,Ezurayan Sky League,Mizurai Sky Dome,assets/quidditch-engine/arenas/clubs/ezuraya-1-mizurai.webp,373198,ced1cc6215f590f56b8a0418674fe56d55452689d19261e2418664da735d3a66,ezuraya-stadiums
ezuraya-1-natsukai,Natsukai,Ezurayan Sky League,Natsukai Sky Dome,assets/quidditch-engine/arenas/clubs/ezuraya-1-natsukai.webp,307680,746f15bff5996135e3d49ddd0e435cfa34b5aa0cd3a7309cac8cdd5197c9d8da,ezuraya-stadiums
ezuraya-1-orokai,Orokai,Ezurayan Sky League,Orokai Sky Dome,assets/quidditch-engine/arenas/clubs/ezuraya-1-orokai.webp,331228,d398508521fb5ac79dd1b8df2805e04391151120f9093cab6771e3981136f059,ezuraya-stadiums
ezuraya-1-rinzu-gate,Rinzu Gate,Ezurayan Sky League,Rinzu Gate Sky Dome,assets/quidditch-engine/arenas/clubs/ezuraya-1-rinzu-gate.webp,220596,6a10cdf2df0432c5c1f4201d59f165e626181ab01b7850dabec6ba73bd9fec88,ezuraya-stadiums
ezuraya-1-seiraku-tide,Seiraku Tide,Ezurayan Sky League,Seiraku Tide Sky Dome,assets/quidditch-engine/arenas/clubs/ezuraya-1-seiraku-tide.webp,338304,5d11dc2c6aa81139bc9e700f7fa5b201ae9e7cf493d5cd68b6c0e154ba2323b3,ezuraya-stadiums
ezuraya-1-shirogane,Shirogane,Ezurayan Sky League,Shirogane Sky Dome,assets/quidditch-engine/arenas/clubs/ezuraya-1-shirogane.webp,284906,953d91bf3bccaf01f7bb4ce51c3e43dd269227c13ae536b7e13a2a5eefe5acc1,ezuraya-stadiums
ezuraya-1-soryu-harbour,Soryu Harbour,Ezurayan Sky League,Soryu Harbour Sky Dome,assets/quidditch-engine/arenas/clubs/ezuraya-1-soryu-harbour.webp,272778,947cfac950780f9a2d6be041dddbfd409e8baccd5795b5350444e93fd6b075fa,ezuraya-stadiums
ezuraya-1-takemori,Takemori,Ezurayan Sky League,Takemori Sky Dome,assets/quidditch-engine/arenas/clubs/ezuraya-1-takemori.webp,421006,5f726f9c6f231547e0049f4be2efa49cd35d2e98d45be3b047171da5bac09fc5,ezuraya-stadiums
ezuraya-1-tenzai-arrows,Tenzai Arrows,Ezurayan Sky League,Tenzai Arrows Sky Dome,assets/quidditch-engine/arenas/clubs/ezuraya-1-tenzai-arrows.webp,357586,544119b73c5da9c4064b6eae3c1dfef31f6ee4861f8c7e0cc3fa34edbb7e2c8e,ezuraya-stadiums
ezuraya-1-tsukihama,Tsukihama,Ezurayan Sky League,Tsukihama Sky Dome,assets/quidditch-engine/arenas/clubs/ezuraya-1-tsukihama.webp,269800,97daba12dcd21bcea6feb3a8fa9d8a2de0069ef04c749554d7c58b32754a2d54,ezuraya-stadiums
ezuraya-1-yomori-bloom,Yomori Bloom,Ezurayan Sky League,Yomori Bloom Sky Dome,assets/quidditch-engine/arenas/clubs/ezuraya-1-yomori-bloom.webp,447716,1cb54ea7fc5297d1630ccf2799c5f06ee53796cb433ec8999f2c681e48c80592,ezuraya-stadiums
ezuraya-2-akamori,Akamori,Ezurayan Horizon Division,Akamori Horizon Field,assets/quidditch-engine/arenas/clubs/ezuraya-2-akamori.webp,292768,f93b0b4252a3ecb7fb85d7815148078b39a79909402a6a5a9f464bb7565f1f1d,ezuraya-stadiums
ezuraya-2-aokori,Aokori,Ezurayan Horizon Division,Aokori Horizon Field,assets/quidditch-engine/arenas/clubs/ezuraya-2-aokori.webp,247318,3b7d53c35113e133c16aa69a8563ac2190f836da59a0bb47c6450afaffa72de0,ezuraya-stadiums
ezuraya-2-daiseki,Daiseki,Ezurayan Horizon Division,Daiseki Horizon Field,assets/quidditch-engine/arenas/clubs/ezuraya-2-daiseki.webp,264690,fde9c5999cda58aeda9940a76ddaa70cf9f4ed90ca5b9d4f8e0df514bcac751b,ezuraya-stadiums
ezuraya-2-hoshara-north,Hoshara North,Ezurayan Horizon Division,Hoshara North Horizon Field,assets/quidditch-engine/arenas/clubs/ezuraya-2-hoshara-north.webp,270616,44c87f5c74eb708f02bbf33cf996cb117513607b3fbf1ec6ab055d96cdb14388,ezuraya-stadiums
ezuraya-2-kaido-vale,Kaido Vale,Ezurayan Horizon Division,Kaido Vale Horizon Field,assets/quidditch-engine/arenas/clubs/ezuraya-2-kaido-vale.webp,285450,566685aeaab972521986fab5c70a0a8b59c76bfe7263187452a1e99428bc0e16,ezuraya-stadiums
ezuraya-2-kinbara,Kinbara,Ezurayan Horizon Division,Kinbara Horizon Field,assets/quidditch-engine/arenas/clubs/ezuraya-2-kinbara.webp,349764,9191cd7c2ad042a7d1f3af426a02c50cb15ac0077445fb3b145a3e72bc046dc7,ezuraya-stadiums
ezuraya-2-kurotsu,Kurotsu,Ezurayan Horizon Division,Kurotsu Horizon Field,assets/quidditch-engine/arenas/clubs/ezuraya-2-kurotsu.webp,224924,e9965013663142a5e07de295e71b36c216b746f508a7caaa06a451577f3ed725,ezuraya-stadiums
ezuraya-2-mirahana,Mirahana,Ezurayan Horizon Division,Mirahana Horizon Field,assets/quidditch-engine/arenas/clubs/ezuraya-2-mirahana.webp,330402,7f955bd7f413ac75b3ce0e38c1e7566be2f7fb7337f55ee6e9c37926bd37221d,ezuraya-stadiums
ezuraya-2-natsuno,Natsuno,Ezurayan Horizon Division,Natsuno Horizon Field,assets/quidditch-engine/arenas/clubs/ezuraya-2-natsuno.webp,298030,9642977539e0e80143990c1db4bcedb9503c21d2896d71aea79eb1192d8498df,ezuraya-stadiums
ezuraya-2-oruhana,Oruhana,Ezurayan Horizon Division,Oruhana Horizon Field,assets/quidditch-engine/arenas/clubs/ezuraya-2-oruhana.webp,349408,eb28a5ad47001efdda7fc5a07965056c9005f6cd0981c2e6479b2c3f0756677a,ezuraya-stadiums
ezuraya-2-rinzunori,Rinzunori,Ezurayan Horizon Division,Rinzunori Horizon Field,assets/quidditch-engine/arenas/clubs/ezuraya-2-rinzunori.webp,281474,eb90c2ebc29f38ec8883d0f0dbbf65710aba121ba37dfff654f342bf0c8286c0,ezuraya-stadiums
ezuraya-2-seika-wharf,Seika Wharf,Ezurayan Horizon Division,Seika Wharf Horizon Field,assets/quidditch-engine/arenas/clubs/ezuraya-2-seika-wharf.webp,249140,612d908da266289ccddac49aa4e930d533262abe9cdb7b31e15a973163b54be3,ezuraya-stadiums
ezuraya-2-shirokai,Shirokai,Ezurayan Horizon Division,Shirokai Horizon Field,assets/quidditch-engine/arenas/clubs/ezuraya-2-shirokai.webp,288746,fefdcf589473843e447943dd94abb51f2b37c768c3b430ed9bb761ee8905121d,ezuraya-stadiums
ezuraya-2-sorakai,Sorakai,Ezurayan Horizon Division,Sorakai Horizon Field,assets/quidditch-engine/arenas/clubs/ezuraya-2-sorakai.webp,222914,88c2bf49670c9989de70b10b2af7062dcbad0761cf64bcc30fae00738421a077,ezuraya-stadiums
ezuraya-2-tenrai-peak,Tenrai Peak,Ezurayan Horizon Division,Tenrai Peak Horizon Field,assets/quidditch-engine/arenas/clubs/ezuraya-2-tenrai-peak.webp,313380,276f182e46e132e2db9db9041db853722d8a579f947f934703148f924a0f8e39,ezuraya-stadiums
ezuraya-2-torikai,Torikai,Ezurayan Horizon Division,Torikai Horizon Field,assets/quidditch-engine/arenas/clubs/ezuraya-2-torikai.webp,266356,5e9ee7be081e0aa22a15ca7090d3c9a7b865f434136aeff39ebbeab49a8bce63,ezuraya-stadiums
ezuraya-2-tsukimori,Tsukimori,Ezurayan Horizon Division,Tsukimori Horizon Field,assets/quidditch-engine/arenas/clubs/ezuraya-2-tsukimori.webp,308146,af7ecddb31dee78cad41c0b066b2b7d5627ac34b5274433f6d37cc27af352d12,ezuraya-stadiums
ezuraya-2-yumei-port,Yumei Port,Ezurayan Horizon Division,Yumei Port Horizon Field,assets/quidditch-engine/arenas/clubs/ezuraya-2-yumei-port.webp,250792,a39a637dbf2548e85193ec92663e21d31c3db5b6fb483267323220fd43eb69f6,ezuraya-stadiums
ezuraya-3-akatori,Akatori,Ezurayan Rising League,Akatori Rising Terrace,assets/quidditch-engine/arenas/clubs/ezuraya-3-akatori.webp,439932,9918df2b7619d13e97a6368fed1361d05d8710a51874ce93ebe823263f24bd23,ezuraya-stadiums
ezuraya-3-aokaze-east,Aokaze East,Ezurayan Rising League,Aokaze East Rising Terrace,assets/quidditch-engine/arenas/clubs/ezuraya-3-aokaze-east.webp,294088,6de0d5dee0616ac00d5a43450e351e28b98ea509cb9b53d1eb08983e887d30bc,ezuraya-stadiums
ezuraya-3-dainori,Dainori,Ezurayan Rising League,Dainori Rising Terrace,assets/quidditch-engine/arenas/clubs/ezuraya-3-dainori.webp,281484,ab81e78291641da57b77cc9930d8beca2592752b5dfe36428acb37f919c9e703,ezuraya-stadiums
ezuraya-3-hoshimori,Hoshimori,Ezurayan Rising League,Hoshimori Rising Terrace,assets/quidditch-engine/arenas/clubs/ezuraya-3-hoshimori.webp,334704,8201fba8e6f6e505dc50c0f85cd110ca1d00c58dfec5e9c8d74c1f87ef883c08,ezuraya-stadiums
ezuraya-3-kaisen-ward,Kaisen Ward,Ezurayan Rising League,Kaisen Ward Rising Terrace,assets/quidditch-engine/arenas/clubs/ezuraya-3-kaisen-ward.webp,253940,a01ec0d1d6a198ade0efaf4f1d7119ce7c2fb44d6ff801c18764af771d3169fe,ezuraya-stadiums
ezuraya-3-kinsei,Kinsei,Ezurayan Rising League,Kinsei Rising Terrace,assets/quidditch-engine/arenas/clubs/ezuraya-3-kinsei.webp,384270,aee8a6ec2f79f08667a1b1d82497c4df5f8ef855e3521455fea90314172dc8d9,ezuraya-stadiums
ezuraya-3-kuromizu,Kuromizu,Ezurayan Rising League,Kuromizu Rising Terrace,assets/quidditch-engine/arenas/clubs/ezuraya-3-kuromizu.webp,246528,1512c0854ee04d9de8fb650cb42bb52abc3273fefe34275581b544b516ecdb1d,ezuraya-stadiums
ezuraya-3-mirasora,Mirasora,Ezurayan Rising League,Mirasora Rising Terrace,assets/quidditch-engine/arenas/clubs/ezuraya-3-mirasora.webp,337138,9b72288e1d24e0267f0627c7c7ed77e82de1d1071af97410ba8d1247831f19aa,ezuraya-stadiums
ezuraya-3-natsubara,Natsubara,Ezurayan Rising League,Natsubara Rising Terrace,assets/quidditch-engine/arenas/clubs/ezuraya-3-natsubara.webp,287254,fb10b708c49916f23f3766280f27f99698192fd056b936e80ca73c9055078743,ezuraya-stadiums
ezuraya-3-orukai,Orukai,Ezurayan Rising League,Orukai Rising Terrace,assets/quidditch-engine/arenas/clubs/ezuraya-3-orukai.webp,423534,e02ad99e2b34665ddd1bb8d014d4be23e61f3dc377ce3b39330fdbc08f2a1f40,ezuraya-stadiums
ezuraya-3-rinka-bloom,Rinka Bloom,Ezurayan Rising League,Rinka Bloom Rising Terrace,assets/quidditch-engine/arenas/clubs/ezuraya-3-rinka-bloom.webp,375890,374cd50d84c8c175636f1bed7c61330e4e420d5a1b157510880d63bfec3e02ad,ezuraya-stadiums
ezuraya-3-seirun-gate,Seirun Gate,Ezurayan Rising League,Seirun Gate Rising Terrace,assets/quidditch-engine/arenas/clubs/ezuraya-3-seirun-gate.webp,336798,2f7d74356d8cc874d786dfdd0f6e4b909867bd192d24705e8a3042abb7c75239,ezuraya-stadiums
ezuraya-3-shirohana,Shirohana,Ezurayan Rising League,Shirohana Rising Terrace,assets/quidditch-engine/arenas/clubs/ezuraya-3-shirohana.webp,377566,7d45036b1151c4979b5c4a67941fe2c79e5bea46aa7b674462a8c6af301553c1,ezuraya-stadiums
ezuraya-3-soryama,Soryama,Ezurayan Rising League,Soryama Rising Terrace,assets/quidditch-engine/arenas/clubs/ezuraya-3-soryama.webp,380574,f110be45470a0c6f8961f24e2a6cecb9bca68aec414b3028af54414cfa688a01,ezuraya-stadiums
ezuraya-3-takehana,Takehana,Ezurayan Rising League,Takehana Rising Terrace,assets/quidditch-engine/arenas/clubs/ezuraya-3-takehana.webp,382940,41284f20d2e46cb5a67d08f6970dca8c6119f8362dda49933b8ac09b39dbf479,ezuraya-stadiums
ezuraya-3-tenzo-ridge,Tenzo Ridge,Ezurayan Rising League,Tenzo Ridge Rising Terrace,assets/quidditch-engine/arenas/clubs/ezuraya-3-tenzo-ridge.webp,296094,ab851849255a22270b717a53d84c598f347efb4818e4799e78df623a509d6bb0,ezuraya-stadiums
ezuraya-3-tsukino-port,Tsukino Port,Ezurayan Rising League,Tsukino Port Rising Terrace,assets/quidditch-engine/arenas/clubs/ezuraya-3-tsukino-port.webp,331280,6d7810f1c22383d84b5a40460f0af9d7d983b37b42653b7fc9cf82749db3caae,ezuraya-stadiums
ezuraya-3-yorin-bay,Yorin Bay,Ezurayan Rising League,Yorin Bay Rising Terrace,assets/quidditch-engine/arenas/clubs/ezuraya-3-yorin-bay.webp,281666,5fc6d75abed1baa843516792b5f48d97fa57420ee188af310ab99f5f79f5a779,ezuraya-stadiums
ezuraya-4-akemori,Akemori,Ezurayan Island Conference,Akemori Island Ground,assets/quidditch-engine/arenas/clubs/ezuraya-4-akemori.webp,405854,429c442385f78bdb34b89474c4f69edc3e827eb68e8e4e968b16642c4d7d8cf7,ezuraya-stadiums
ezuraya-4-aokina,Aokina,Ezurayan Island Conference,Aokina Island Ground,assets/quidditch-engine/arenas/clubs/ezuraya-4-aokina.webp,405006,8345ba6776ccbba31b95b04a81a0bf5183e26dceed99137d779383764f02c261,ezuraya-stadiums
ezuraya-4-daisora-south,Daisora South,Ezurayan Island Conference,Daisora South Island Ground,assets/quidditch-engine/arenas/clubs/ezuraya-4-daisora-south.webp,309798,2aef54cee1fa904f232a6d56cbbf898a65d118c94f6129dfefa80e37506a580f,ezuraya-stadiums
ezuraya-4-hoshara-vale,Hoshara Vale,Ezurayan Island Conference,Hoshara Vale Island Ground,assets/quidditch-engine/arenas/clubs/ezuraya-4-hoshara-vale.webp,314914,db1b8e760e158683791122f4888b944447cbe0259d3632d185d574f0b0ee31a1,ezuraya-stadiums
ezuraya-4-kaihara,Kaihara,Ezurayan Island Conference,Kaihara Island Ground,assets/quidditch-engine/arenas/clubs/ezuraya-4-kaihara.webp,319942,e20c8072321d04178e48265fb25d0a4f7f39ca3d328296999649baaf0704e8db,ezuraya-stadiums
ezuraya-4-kinmori,Kinmori,Ezurayan Island Conference,Kinmori Island Ground,assets/quidditch-engine/arenas/clubs/ezuraya-4-kinmori.webp,470528,e2fbe7f320032a0664052f2cac5b12587dd422940f9f25771531740dc110229a,ezuraya-stadiums
ezuraya-4-kurobane,Kurobane,Ezurayan Island Conference,Kurobane Island Ground,assets/quidditch-engine/arenas/clubs/ezuraya-4-kurobane.webp,282216,88a831a6159a3cfeacd78610c83d643e0e028356df0f746830ff4c5c15d0a379,ezuraya-stadiums
ezuraya-4-mizuhana,Mizuhana,Ezurayan Island Conference,Mizuhana Island Ground,assets/quidditch-engine/arenas/clubs/ezuraya-4-mizuhana.webp,333478,b2d6db6fa5959fb0cc8c6c2d772f38558731ed842a5e962257c46f16aee88c80,ezuraya-stadiums
ezuraya-4-natsu-vale,Natsu Vale,Ezurayan Island Conference,Natsu Vale Island Ground,assets/quidditch-engine/arenas/clubs/ezuraya-4-natsu-vale.webp,358472,25f9de13523a389a77275a8cdf49ef310557b27b2f09f9b7bc2cda1cf7410cf9,ezuraya-stadiums
ezuraya-4-orokiri,Orokiri,Ezurayan Island Conference,Orokiri Island Ground,assets/quidditch-engine/arenas/clubs/ezuraya-4-orokiri.webp,238926,b5f398981fb182ad39f9b319dd87df43730fdd8e013d10aac185eb10daeb144d,ezuraya-stadiums
ezuraya-4-rinbara,Rinbara,Ezurayan Island Conference,Rinbara Island Ground,assets/quidditch-engine/arenas/clubs/ezuraya-4-rinbara.webp,434640,cecd0147a74959b554487aaa18bb98103de11b39864a19ac2b52a4e5d77adb6e,ezuraya-stadiums
ezuraya-4-seihama,Seihama,Ezurayan Island Conference,Seihama Island Ground,assets/quidditch-engine/arenas/clubs/ezuraya-4-seihama.webp,345678,def8a8e3ccd9ef78fa80e2dfe3734532aa2b11c211f35047539a779fb7472e2c,ezuraya-stadiums
ezuraya-4-shirosen,Shirosen,Ezurayan Island Conference,Shirosen Island Ground,assets/quidditch-engine/arenas/clubs/ezuraya-4-shirosen.webp,301368,dcf90deb5fa07ff42f0ec2a0f58d25af47877d93f4d48aa4dcf6d0a8e3246515,ezuraya-stadiums
ezuraya-4-sorin-gate,Sorin Gate,Ezurayan Island Conference,Sorin Gate Island Ground,assets/quidditch-engine/arenas/clubs/ezuraya-4-sorin-gate.webp,351662,68ab04fdec78954424952bdb1a7dfbf2ddf60129a655bfac7da6b75a451ae960,ezuraya-stadiums
ezuraya-4-takezora,Takezora,Ezurayan Island Conference,Takezora Island Ground,assets/quidditch-engine/arenas/clubs/ezuraya-4-takezora.webp,390982,9211f0141ffdb697a5ffc409796f501088f5b87cf9b5e1063d10084019d6a005,ezuraya-stadiums
ezuraya-4-tenkori,Tenkori,Ezurayan Island Conference,Tenkori Island Ground,assets/quidditch-engine/arenas/clubs/ezuraya-4-tenkori.webp,433320,a3bea04b77e7b8ba4131f3cd2d221e5169f6c4a53b27590d3020229ab5402c42,ezuraya-stadiums
ezuraya-4-tsukibara,Tsukibara,Ezurayan Island Conference,Tsukibara Island Ground,assets/quidditch-engine/arenas/clubs/ezuraya-4-tsukibara.webp,307108,7551c7e268be7d784c3e40fa2b1ab820dfd4b3bf2a9898a8767e70a1a091e5b8,ezuraya-stadiums
ezuraya-4-yomitsu,Yomitsu,Ezurayan Island Conference,Yomitsu Island Ground,assets/quidditch-engine/arenas/clubs/ezuraya-4-yomitsu.webp,504568,2048c95da3b557e725ab25c10108ec9ba89fcf7303ac3b4605ae6e9c3af746ec,ezuraya-stadiums
grand-khor,Grand Khor,Repo Sports League,The Khor Foundry,assets/quidditch-engine/arenas/clubs/grand-khor.webp,439544,6f423f545756d9300c6431eff48409e5e82a7bc1bfbb785324a0d0e8803c4588,Repo_Sports_League_18_Stadiums_First_Pass_v1
greyharbour,Greyharbour,Velmora Championship,Breakwater Field,assets/quidditch-engine/arenas/clubs/greyharbour.webp,296284,82c1c447d2b20991e2c761ab563209feec6b175aed8622afb5578c8987945ccb,Velmora_Championship_Stadiums_18_Map_Set(1)
hestholm-quay,Hestholm Quay,Velmora League One,Quayside Oval,assets/quidditch-engine/arenas/clubs/hestholm-quay.webp,391324,7b8142de8327ab557fa1bb756da2d05b7a9bd9ecd536b9db0551d999b9becd42,Velmora_League_One_Stadiums_18_Map_Set(1)
hrafnvik,Hrafnvik,Repo Sports League,Hrafnvik Aerie,assets/quidditch-engine/arenas/clubs/hrafnvik.webp,365966,c356c424ecab523db24d818eeda16e4234eec0594de3ef1674758d138d596b42,Repo_Sports_League_18_Stadiums_First_Pass_v1
ilyen-field,Ilyen Field,Velmora League Two,The Restored Field,assets/quidditch-engine/arenas/clubs/ilyen-field.webp,307114,ecbf30e67dd94bf3ef9138b9d77b6229ae244526ab29cf06ced6946e9aad0616,Velmora_League_Two_Stadiums_18_Map_Set(1)
ironmouth,Ironmouth,Velmora Championship,The Lockjaw,assets/quidditch-engine/arenas/clubs/ironmouth.webp,284486,7648ea65a95a9b5d0fae3590fb38f2be3e28e694d1cd2b1317d6afd1c38ccf1f,Velmora_Championship_Stadiums_18_Map_Set(1)
iskara,Iskara,Repo Sports League,The Prism,assets/quidditch-engine/arenas/clubs/iskara.webp,480236,980d94a6694feeb2f5ecc12ff6a970ed809bac1a4beab5eb06f5f91b8a240c53,Repo_Sports_League_18_Stadiums_First_Pass_v1
kald-reach,Kald Reach,Velmora League Two,Last Light Ground,assets/quidditch-engine/arenas/clubs/kald-reach.webp,271892,1d1090eb21da406ca191c2f25e2867c38df5c98aa2905a88a9421ddafa09f5b9,Velmora_League_Two_Stadiums_18_Map_Set(1)
kandara-royal,Kandara Royal,Velmora Championship,The Royal Quadrant,assets/quidditch-engine/arenas/clubs/kandara-royal.webp,323264,b3678e3cdded7c382ccd8ff853e7cc9ff918866bf86a50e2c7543216606cf2b7,Velmora_Championship_Stadiums_18_Map_Set(1)
keshara,Keshara,Velmora League Two,River Camp,assets/quidditch-engine/arenas/clubs/keshara.webp,330942,583a39eb0a2b5a81084df5152a38d80ebfe43dc4ec4b04b11902e97dbff3328f,Velmora_League_Two_Stadiums_18_Map_Set(1)
kestrel-reach,Kestrel Reach,Velmora League Two,Reach Meadow,assets/quidditch-engine/arenas/clubs/kestrel-reach.webp,283016,d86990d49789c5e57369615514f58cf32f4600dc6c17c2402db05d5dc91c4f9e,Velmora_League_Two_Stadiums_18_Map_Set(1)
kharad-works,Kharad Works,Velmora Championship,Foundry Ring,assets/quidditch-engine/arenas/clubs/kharad-works.webp,382638,10644d260f0373700f371c2a09b6855682976e6257132012ed159801bdeb0877,Velmora_Championship_Stadiums_18_Map_Set(1)
kharova-1-austergrad,Austergrad,Kharovan Guild League,Austergrad Guild Arena,assets/quidditch-engine/arenas/clubs/kharova-1-austergrad.webp,355712,b135967093d3e86aa938d1b700eb8a41106e5f74e0df5ec03d7e2bb6de334896,kharovan-guild-league-stadiums
kharova-1-blaukirch,Blaukirch,Kharovan Guild League,Blaukirch Guild Arena,assets/quidditch-engine/arenas/clubs/kharova-1-blaukirch.webp,363518,ed5373aa75635ec194b7375a5e8347ba362b4da5d3520d256fe80f806d557b85,kharovan-guild-league-stadiums
kharova-1-brunnstadt,Brunnstadt,Kharovan Guild League,Brunnstadt Guild Arena,assets/quidditch-engine/arenas/clubs/kharova-1-brunnstadt.webp,311576,f2dae3651d007626827b20ed474d36c94ecd735306e8a2d0f57d9f2b00fda06a,kharovan-guild-league-stadiums
kharova-1-dornhafen,Dornhafen,Kharovan Guild League,Dornhafen Guild Arena,assets/quidditch-engine/arenas/clubs/kharova-1-dornhafen.webp,330970,f5425bb84b3804176e51fd510efe2e7ecb730655d5abf0fbe0305d804f554464,kharovan-guild-league-stadiums
kharova-1-eisenwald,Eisenwald,Kharovan Guild League,Eisenwald Guild Arena,assets/quidditch-engine/arenas/clubs/kharova-1-eisenwald.webp,29312,2a016ead0bd81b06dceba4a4ed4fa82263d932f1520d2ec5fae89d1e69c97a33,kharovan-guild-league-stadiums
kharova-1-falkenbruck,Falkenbruck,Kharovan Guild League,Falkenbruck Guild Arena,assets/quidditch-engine/arenas/clubs/kharova-1-falkenbruck.webp,336358,b8f314b651e51553ba99be3103241ae68cfe7e3ab7248776b63b51e28b16fdc1,kharovan-guild-league-stadiums
kharova-1-greifenau,Greifenau,Kharovan Guild League,Greifenau Guild Arena,assets/quidditch-engine/arenas/clubs/kharova-1-greifenau.webp,357206,33395602caf16e7a094e5162a174b9d3e2af67b7d1a80e893d4e3e3912312b38,kharovan-guild-league-stadiums
kharova-1-halden-forge,Halden Forge,Kharovan Guild League,Halden Forge Guild Arena,assets/quidditch-engine/arenas/clubs/kharova-1-halden-forge.webp,384058,23a1348ebfa11a7ff80a7224157f8aeadc09781afa267e6e5b0c97996fe2fa54,kharovan-guild-league-stadiums
kharova-1-hochwald,Hochwald,Kharovan Guild League,Hochwald Guild Arena,assets/quidditch-engine/arenas/clubs/kharova-1-hochwald.webp,369534,a3f8dcfc81095989a9799f596a955738cbbc4847c224efcfbedda590f2ad57f9,kharovan-guild-league-stadiums
kharova-1-kesselbruck,Kesselbruck,Kharovan Guild League,Kesselbruck Guild Arena,assets/quidditch-engine/arenas/clubs/kharova-1-kesselbruck.webp,470438,69f22e1da965983a91419379e993e1057cd9f183cb9867a8bfa239c2ce52149d,kharovan-guild-league-stadiums
kharova-1-kesthafen,Kesthafen,Kharovan Guild League,Kesthafen Guild Arena,assets/quidditch-engine/arenas/clubs/kharova-1-kesthafen.webp,331090,3e82879c2fcda07cfa3a6d45bf11701464e627ca011c0e95ba8d71fdaa331ad3,kharovan-guild-league-stadiums
kharova-1-kronwald,Kronwald,Kharovan Guild League,Kronwald Guild Arena,assets/quidditch-engine/arenas/clubs/kharova-1-kronwald.webp,405426,03ee984f0e8d0eac790f72ebcb7234781323abf907ceb66cbee54487f1c04893,kharovan-guild-league-stadiums
kharova-1-nordhavn-04,Nordhavn 04,Kharovan Guild League,Nordhavn 04 Guild Arena,assets/quidditch-engine/arenas/clubs/kharova-1-nordhavn-04.webp,285282,137c7a02985925fae235b40806d502063249c56ac6a2cdd907ca04cc2680eef3,kharovan-guild-league-stadiums
kharova-1-rimebruck,Rimebruck,Kharovan Guild League,Rimebruck Guild Arena,assets/quidditch-engine/arenas/clubs/kharova-1-rimebruck.webp,369272,cdb9420dd98953d254c1b33e2aaef301fd01f89a68977d446fae8af42c5cab5d,kharovan-guild-league-stadiums
kharova-1-rotenheim,Rotenheim,Kharovan Guild League,Rotenheim Guild Arena,assets/quidditch-engine/arenas/clubs/kharova-1-rotenheim.webp,350576,1271571e9125fabdf2d660ead658baab91ce08e06fa549f01529866a019927cb,kharovan-guild-league-stadiums
kharova-1-stahlmere,Stahlmere,Kharovan Guild League,Stahlmere Guild Arena,assets/quidditch-engine/arenas/clubs/kharova-1-stahlmere.webp,307118,43e73a96d3b5b132aa72c65e16aa16dc6d7c2f2600df0b1d32c1e01ae91bd4ac,kharovan-guild-league-stadiums
kharova-1-veysburg-union,Veysburg Union,Kharovan Guild League,Veysburg Union Guild Arena,assets/quidditch-engine/arenas/clubs/kharova-1-veysburg-union.webp,370384,4733f90fde26a65134f64719f01cb672f58e8f12a26f33c69155d9219b342bfe,kharovan-guild-league-stadiums
kharova-1-wolfsbruck,Wolfsbruck,Kharovan Guild League,Wolfsbruck Guild Arena,assets/quidditch-engine/arenas/clubs/kharova-1-wolfsbruck.webp,352732,1c72d9d4fda0a670e26c8c07877826f5c8f83ac40bbbec5480f7bb24bafde25b,kharovan-guild-league-stadiums
kharova-2-altenbruck,Altenbruck,Kharovan Iron Division,Altenbruck Iron Bastion,assets/quidditch-engine/arenas/clubs/kharova-2-altenbruck.webp,147184,a517f2e679662b94bd8e2687c855cd36cd2129bced3243fa613259ef7acce1d1,kharovan-iron-division-stadiums
kharova-2-braunkamm,Braunkamm,Kharovan Iron Division,Braunkamm Iron Bastion,assets/quidditch-engine/arenas/clubs/kharova-2-braunkamm.webp,269292,d456f451f813635cc117259938fb272c361b4662eaacddcb7a510c768f80467e,kharovan-iron-division-stadiums
kharova-2-drosselheim,Drosselheim,Kharovan Iron Division,Drosselheim Iron Bastion,assets/quidditch-engine/arenas/clubs/kharova-2-drosselheim.webp,292632,c1b660fb227ffaeba1f276358c93d4a2d2026f895a9ac54279409c8f7af06f58,kharovan-iron-division-stadiums
kharova-2-eichenau,Eichenau,Kharovan Iron Division,Eichenau Iron Bastion,assets/quidditch-engine/arenas/clubs/kharova-2-eichenau.webp,353742,088aa782f8637694f953af42c1f8e7668d1e802c5c5d99b55d6f0efe76e60979,kharovan-iron-division-stadiums
kharova-2-frostberg,Frostberg,Kharovan Iron Division,Frostberg Iron Bastion,assets/quidditch-engine/arenas/clubs/kharova-2-frostberg.webp,354714,0b451212219edd04bbf4645d39beca21f129f7e28bad3cec7bf776370eaa4c5a,kharovan-iron-division-stadiums
kharova-2-grunwald,Grunwald,Kharovan Iron Division,Grunwald Iron Bastion,assets/quidditch-engine/arenas/clubs/kharova-2-grunwald.webp,336484,768989187df6e45d9d7edfa617fc0e3df01ee9642161f5aa2db08814d7190265,kharovan-iron-division-stadiums
kharova-2-hammerfall,Hammerfall,Kharovan Iron Division,Hammerfall Iron Bastion,assets/quidditch-engine/arenas/clubs/kharova-2-hammerfall.webp,213172,3d393d27976c1de30eb444476ebf727551f3d6a9da02797b99a15bb65ae1953a,kharovan-iron-division-stadiums
kharova-2-hohenmere,Hohenmere,Kharovan Iron Division,Hohenmere Iron Bastion,assets/quidditch-engine/arenas/clubs/kharova-2-hohenmere.webp,220828,7fa576bb38f21a9aa6890a7b90acd8d11bb479ee6dcb5760897586e55778656e,kharovan-iron-division-stadiums
kharova-2-kelbrunn,Kelbrunn,Kharovan Iron Division,Kelbrunn Iron Bastion,assets/quidditch-engine/arenas/clubs/kharova-2-kelbrunn.webp,317440,1294424082f9ed876fa1e99c9b46ebd2d93326a29001ba55a7e5e0ac726ae675,kharovan-iron-division-stadiums
kharova-2-lindental,Lindental,Kharovan Iron Division,Lindental Iron Bastion,assets/quidditch-engine/arenas/clubs/kharova-2-lindental.webp,362550,13fa3ec9cc0429d6ab15d6e6778dfedce5b1155faa29e231e583f934feea6997,kharovan-iron-division-stadiums
kharova-2-markstadt,Markstadt,Kharovan Iron Division,Markstadt Iron Bastion,assets/quidditch-engine/arenas/clubs/kharova-2-markstadt.webp,307222,44b901fe45fedc7c3156b90ca2d8e8e70d9841cce30c3ba47fca44cb681bdbd5,kharovan-iron-division-stadiums
kharova-2-oberkest,Oberkest,Kharovan Iron Division,Oberkest Iron Bastion,assets/quidditch-engine/arenas/clubs/kharova-2-oberkest.webp,323378,08e056b59422d98d690ad5b37fa3dc046bfc85462256aa8669b23224a051db80,kharovan-iron-division-stadiums
kharova-2-rabenheim,Rabenheim,Kharovan Iron Division,Rabenheim Iron Bastion,assets/quidditch-engine/arenas/clubs/kharova-2-rabenheim.webp,266352,34de7ecc4110b7e73d2a6474ff21a1ac98c639a2ccd4717bdd80c0222ba2ced0,kharovan-iron-division-stadiums
kharova-2-silbersee,Silbersee,Kharovan Iron Division,Silbersee Iron Bastion,assets/quidditch-engine/arenas/clubs/kharova-2-silbersee.webp,262234,ba853f4a4c67de473ccce0b7514ac3f1125a4483db329a97020991307aa06b4c,kharovan-iron-division-stadiums
kharova-2-sonnenbruck,Sonnenbruck,Kharovan Iron Division,Sonnenbruck Iron Bastion,assets/quidditch-engine/arenas/clubs/kharova-2-sonnenbruck.webp,314418,8eb4290fd619b3db8b23173f506a8090b4dfd89284d5b38db7d2d03a9f3853eb,kharovan-iron-division-stadiums
kharova-2-torstadt,Torstadt,Kharovan Iron Division,Torstadt Iron Bastion,assets/quidditch-engine/arenas/clubs/kharova-2-torstadt.webp,88930,f2c9da8704b322a5dc1e15c65a0c016e0bf245c3b33da28b7adc68d4ce7299b2,kharovan-iron-division-stadiums
kharova-2-weisshafen,Weisshafen,Kharovan Iron Division,Weisshafen Iron Bastion,assets/quidditch-engine/arenas/clubs/kharova-2-weisshafen.webp,250732,fd3e8660312d4f80c17727c247eb8129b0bfd559613236cbcac2793134d0abce,kharovan-iron-division-stadiums
kharova-2-westervale,Westervale,Kharovan Iron Division,Westervale Iron Bastion,assets/quidditch-engine/arenas/clubs/kharova-2-westervale.webp,220194,c65b2321fd4369dafe1dd80b223a5c6fa996be1594d777c478cffebd91877720,kharovan-iron-division-stadiums
kharova-3-adlerfeld,Adlerfeld,Kharovan Foundry League,Adlerfeld Foundry Ground,assets/quidditch-engine/arenas/clubs/kharova-3-adlerfeld.webp,253806,446bbdead90c70109bcb604c76249f61c0a15b90ddbc9f00ef9f5a4f93e8e467,kharovan-foundry-league-stadiums
kharova-3-brannsee,Brannsee,Kharovan Foundry League,Brannsee Foundry Ground,assets/quidditch-engine/arenas/clubs/kharova-3-brannsee.webp,282304,52988c51a3de72251477f1f7c8266c8f8277bc0c72b313ba46958a187c2d5e78,kharovan-foundry-league-stadiums
kharova-3-dornbruck,Dornbruck,Kharovan Foundry League,Dornbruck Foundry Ground,assets/quidditch-engine/arenas/clubs/kharova-3-dornbruck.webp,213192,401b81c74976b7f2d811836f7ccf0392d40358306bce5ded49b2b2476a1f9daa,kharovan-foundry-league-stadiums
kharova-3-eberstadt,Eberstadt,Kharovan Foundry League,Eberstadt Foundry Ground,assets/quidditch-engine/arenas/clubs/kharova-3-eberstadt.webp,241214,e03d627301ae0f8be9085590f8c4a049103c570725073f07443c454041404fec,kharovan-foundry-league-stadiums
kharova-3-frosthafen,Frosthafen,Kharovan Foundry League,Frosthafen Foundry Ground,assets/quidditch-engine/arenas/clubs/kharova-3-frosthafen.webp,270368,cd3a6ab5995a8bce25a6b222ca2e9f8947810a2514e2961dc2f80e7eea784df3,kharovan-foundry-league-stadiums
kharova-3-gelbmark,Gelbmark,Kharovan Foundry League,Gelbmark Foundry Ground,assets/quidditch-engine/arenas/clubs/kharova-3-gelbmark.webp,243058,774e94631643a8a044ca5de1c1ce6a8fd54b0c2ae237cc925abfec09a7c9522d,kharovan-foundry-league-stadiums
kharova-3-hirschwald,Hirschwald,Kharovan Foundry League,Hirschwald Foundry Ground,assets/quidditch-engine/arenas/clubs/kharova-3-hirschwald.webp,306216,eb74b25a542881ccde9b7d263fa77cad66494cf0c4f8c3ce50ab6a8dceeeac20,kharovan-foundry-league-stadiums
kharova-3-kesselmoor,Kesselmoor,Kharovan Foundry League,Kesselmoor Foundry Ground,assets/quidditch-engine/arenas/clubs/kharova-3-kesselmoor.webp,204990,1a3c4e281154e56eaf94725eddcd94b3078f4ed64800511539ed180343455d7c,kharovan-foundry-league-stadiums
kharova-3-kranichsee,Kranichsee,Kharovan Foundry League,Kranichsee Foundry Ground,assets/quidditch-engine/arenas/clubs/kharova-3-kranichsee.webp,185082,221535b6141a1c9dc69d3d35b1a40b2cfee0831bd722a029f8f18b5c6adb4b58,kharovan-foundry-league-stadiums
kharova-3-mooskirch,Mooskirch,Kharovan Foundry League,Mooskirch Foundry Ground,assets/quidditch-engine/arenas/clubs/kharova-3-mooskirch.webp,261952,c5a44a1fc628d4cf65f1424a256abb9df44fb6df3a202d6cb226fd6b077b6cd3,kharovan-foundry-league-stadiums
kharova-3-ostbruck,Ostbruck,Kharovan Foundry League,Ostbruck Foundry Ground,assets/quidditch-engine/arenas/clubs/kharova-3-ostbruck.webp,273506,9c8ab1c6dae8534900b9f2b6713df9085f833c70189861d5fc89f25904fe8580,kharovan-foundry-league-stadiums
kharova-3-rotsund,Rotsund,Kharovan Foundry League,Rotsund Foundry Ground,assets/quidditch-engine/arenas/clubs/kharova-3-rotsund.webp,69608,85ee984c60e856ea67b64a4fbdc2a87e256a4a34533c99771247d728c9cfd250,kharovan-foundry-league-stadiums
kharova-3-schieferfeld,Schieferfeld,Kharovan Foundry League,Schieferfeld Foundry Ground,assets/quidditch-engine/arenas/clubs/kharova-3-schieferfeld.webp,83802,6e56d78e95d6426af7ad6eca25e8d129ced57339fb8864ae64e0117fc145d313,kharovan-foundry-league-stadiums
kharova-3-steinau,Steinau,Kharovan Foundry League,Steinau Foundry Ground,assets/quidditch-engine/arenas/clubs/kharova-3-steinau.webp,309826,b3550d07f817718e23796cb592eae9eedf667b7c5264086200913dcaf0ac5417,kharovan-foundry-league-stadiums
kharova-3-tiefenwald,Tiefenwald,Kharovan Foundry League,Tiefenwald Foundry Ground,assets/quidditch-engine/arenas/clubs/kharova-3-tiefenwald.webp,303412,b370b4432508d677e84f7864ed9e872054e4466d7fa3584eca3c5282ad591a8c,kharovan-foundry-league-stadiums
kharova-3-unterhalden,Unterhalden,Kharovan Foundry League,Unterhalden Foundry Ground,assets/quidditch-engine/arenas/clubs/kharova-3-unterhalden.webp,346070,4b9b80de657a8e564738bf1b9cfc070160871593c0e9298a36ead250f5dcd507,kharovan-foundry-league-stadiums
kharova-3-velden,Velden,Kharovan Foundry League,Velden Foundry Ground,assets/quidditch-engine/arenas/clubs/kharova-3-velden.webp,260020,1383c6eab041b36b8c2ff9bbc95fa17ace02374c08b9c56f576d22cb9efaa590,kharovan-foundry-league-stadiums
kharova-3-waldtor,Waldtor,Kharovan Foundry League,Waldtor Foundry Ground,assets/quidditch-engine/arenas/clubs/kharova-3-waldtor.webp,328610,a5c81bf9a6a5131204fbc78e0f6d757e532a984c32128f7d0fd3ba317179f3c4,kharovan-foundry-league-stadiums
kharova-4-amselheim,Amselheim,Kharovan Regional League,Amselheim Regional Fortress,assets/quidditch-engine/arenas/clubs/kharova-4-amselheim.webp,329244,4f2660e26d9de2dfdae41dd69b8d295dccefdd9ded22e2dfc79e7e86cd9eb808,kharovan-regional-league-stadiums
kharova-4-birkenstadt,Birkenstadt,Kharovan Regional League,Birkenstadt Regional Fortress,assets/quidditch-engine/arenas/clubs/kharova-4-birkenstadt.webp,384800,30f633b634a10379b6ce7c4c2c366ddb80626782490d5ba94d169087fc18d66d,kharovan-regional-league-stadiums
kharova-4-brennau,Brennau,Kharovan Regional League,Brennau Regional Fortress,assets/quidditch-engine/arenas/clubs/kharova-4-brennau.webp,244286,8a50cc156bf76982a2b844067489e249c980a78546220054f4c6bbf4180e13c0,kharovan-regional-league-stadiums
kharova-4-eichental,Eichental,Kharovan Regional League,Eichental Regional Fortress,assets/quidditch-engine/arenas/clubs/kharova-4-eichental.webp,371914,0757ba52fc93331b2f1e78283805454a1a83500915f2135b2b8a77b5fdaf6610,kharovan-regional-league-stadiums
kharova-4-eisenfeld,Eisenfeld,Kharovan Regional League,Eisenfeld Regional Fortress,assets/quidditch-engine/arenas/clubs/kharova-4-eisenfeld.webp,262078,1805ebffe2fc6d2152683fbe1619521bffffdcc8ca09b595ef679e5f3cfd9c08,kharovan-regional-league-stadiums
kharova-4-fahlenberg,Fahlenberg,Kharovan Regional League,Fahlenberg Regional Fortress,assets/quidditch-engine/arenas/clubs/kharova-4-fahlenberg.webp,223704,6f48ae1e5d3ad746b8767f6bf458fdabfe3d1942d6395cda610266d27e41cbf6,kharovan-regional-league-stadiums
kharova-4-gildenheim,Gildenheim,Kharovan Regional League,Gildenheim Regional Fortress,assets/quidditch-engine/arenas/clubs/kharova-4-gildenheim.webp,328520,cd0f8e3281214e06e6e39d074e7d22faa364d752b258fa665cf04528146ce2df,kharovan-regional-league-stadiums
kharova-4-hochmoor,Hochmoor,Kharovan Regional League,Hochmoor Regional Fortress,assets/quidditch-engine/arenas/clubs/kharova-4-hochmoor.webp,218574,ce4ad2f7c49a5ebe81d79f85155dfb3a16d964ca3d568414b3f924cfa14a9d70,kharovan-regional-league-stadiums
kharova-4-karstbruck,Karstbruck,Kharovan Regional League,Karstbruck Regional Fortress,assets/quidditch-engine/arenas/clubs/kharova-4-karstbruck.webp,378034,7469d7af2f1c39d91af56128a573fa9f8dba591ea3351ef5c9c9594b019f945b,kharovan-regional-league-stadiums
kharova-4-kleinbruck,Kleinbruck,Kharovan Regional League,Kleinbruck Regional Fortress,assets/quidditch-engine/arenas/clubs/kharova-4-kleinbruck.webp,276752,42d603d8d266150678dd635e7164153bc3848f1eee2d72f597ed4c13b9638e09,kharovan-regional-league-stadiums
kharova-4-kreuzhafen,Kreuzhafen,Kharovan Regional League,Kreuzhafen Regional Fortress,assets/quidditch-engine/arenas/clubs/kharova-4-kreuzhafen.webp,274262,fbd984880afc6b6bda14894df1be42bd14e6b512c5e6c9c06ba14bf7c413c921,kharovan-regional-league-stadiums
kharova-4-larkwald,Larkwald,Kharovan Regional League,Larkwald Regional Fortress,assets/quidditch-engine/arenas/clubs/kharova-4-larkwald.webp,403536,0ef9e8f4fce8cd3defeb9a26de084675742c8bce84a9b37530991794aaadd94c,kharovan-regional-league-stadiums
kharova-4-moorstadt,Moorstadt,Kharovan Regional League,Moorstadt Regional Fortress,assets/quidditch-engine/arenas/clubs/kharova-4-moorstadt.webp,159824,602b99a1e424b1f1853f5acdc6ee995d5a7e8efdaa80f0ae4799b1442cea227f,kharovan-regional-league-stadiums
kharova-4-nordkirch,Nordkirch,Kharovan Regional League,Nordkirch Regional Fortress,assets/quidditch-engine/arenas/clubs/kharova-4-nordkirch.webp,255164,f597ae009260c0394dab5ce2aa87aa364b47b8e15f8fa7039d58f8427c3fb965,kharovan-regional-league-stadiums
kharova-4-rabenau,Rabenau,Kharovan Regional League,Rabenau Regional Fortress,assets/quidditch-engine/arenas/clubs/kharova-4-rabenau.webp,224210,89e5d9b0434f4d8f20fbd418f81f5e63558203702ada50cd8bfcf7f1e90b5094,kharovan-regional-league-stadiums
kharova-4-sudhafen,Sudhafen,Kharovan Regional League,Sudhafen Regional Fortress,assets/quidditch-engine/arenas/clubs/kharova-4-sudhafen.webp,341208,eedea5dbcc445538f0d3851d1fe56304acb754d45fe46a3e5c8c2f9ecc91bf82,kharovan-regional-league-stadiums
kharova-4-tannenmere,Tannenmere,Kharovan Regional League,Tannenmere Regional Fortress,assets/quidditch-engine/arenas/clubs/kharova-4-tannenmere.webp,231762,5c4eb169141e7f3cef8d79190c82c74bc4130643d76cebd67f1c63a8e07069f5,kharovan-regional-league-stadiums
kharova-4-windenfeld,Windenfeld,Kharovan Regional League,Windenfeld Regional Fortress,assets/quidditch-engine/arenas/clubs/kharova-4-windenfeld.webp,359194,cdf2714bfa23895aa62769655c438f72939f3efea61d3f2117179c38852c5c41,kharovan-regional-league-stadiums
krag-mere,Krag Mere,Velmora Championship,The High Basin,assets/quidditch-engine/arenas/clubs/krag-mere.webp,278924,dc18856a28ac6da9896f5dbe426288bb152ef88def523915d105bdd6321ba0de,Velmora_Championship_Stadiums_18_Map_Set(1)
liora-bank,Liora Bank,Velmora Championship,Bankfield,assets/quidditch-engine/arenas/clubs/liora-bank.webp,324728,6231a6b122e10f39830e9eb49a20ee5b427e75e6922d3abe29c358580fc66987,Velmora_Championship_Stadiums_18_Map_Set(1)
maraz-square,Maraz Square,Velmora League One,The Covered Court,assets/quidditch-engine/arenas/clubs/maraz-square.webp,536502,ed97f995f302d5033024d42ce3fce31c8698dcc7b6264e9e3605b772aa9b0ca3,Velmora_League_One_Stadiums_18_Map_Set(1)
marenza,Marenza,Repo Sports League,Porto Marenza,assets/quidditch-engine/arenas/clubs/marenza.webp,417596,1e003135308c940b50ebae1fb3b4dd5212a4e4949be772293bd4cf062b04b6d2,Repo_Sports_League_18_Stadiums_First_Pass_v1
mavrek-pit,Mavrek Pit,Velmora League Two,The Deep Ring,assets/quidditch-engine/arenas/clubs/mavrek-pit.webp,314136,8eaa1e0b92158be0ea1a82d9b4ad4c5bf88ee8bc2c6f5eafc1912de8271112bc,Velmora_League_Two_Stadiums_18_Map_Set(1)
miraj-coast,Miraj Coast,Velmora Championship,The Saltwind,assets/quidditch-engine/arenas/clubs/miraj-coast.webp,266898,c395552d2a5a81cd171f0949e2bc1782e500cf094c270b73b5cb3fb72b132a63,Velmora_Championship_Stadiums_18_Map_Set(1)
montclair-steps,Montclair Steps,Velmora Championship,The High Terrace,assets/quidditch-engine/arenas/clubs/montclair-steps.webp,382940,a2cf44fef81457b3a214e4389af9d71ba60c5266107dbffc9530fd1f343f31ad,Velmora_Championship_Stadiums_18_Map_Set(1)
morrow-quay,Morrow Quay,Velmora Championship,Customs Field,assets/quidditch-engine/arenas/clubs/morrow-quay.webp,276792,b03a8da8460cba8a7d357bd738b62debf9fbe1d7fb04d040a7543b7f609c6bd4,Velmora_Championship_Stadiums_18_Map_Set(1)
mossbarrow,Mossbarrow,Velmora League Two,Barrow Side,assets/quidditch-engine/arenas/clubs/mossbarrow.webp,336884,4a2ae3e47b11b9d1c9cc20fa725f1477f9ed7975e78aa9b607478c488c975f03,Velmora_League_Two_Stadiums_18_Map_Set(1)
namaris,Namaris,Velmora League One,New Basin Arena,assets/quidditch-engine/arenas/clubs/namaris.webp,357940,6d937d66f45997e4387b98732d158459407dc63ec5a919b341e07b3fc7006027,Velmora_League_One_Stadiums_18_Map_Set(1)
naskor,Naskor,Repo Sports League,The Lantern,assets/quidditch-engine/arenas/clubs/naskor.webp,372038,f34a5e7a2b1119d49fc76b03468536d9aaf6de05d7f2a550648741abba88c1f1,Repo_Sports_League_18_Stadiums_First_Pass_v1
nyrgate,Nyrgate,Velmora Championship,Northlight Bowl,assets/quidditch-engine/arenas/clubs/nyrgate.webp,389420,409f15118eb8c7eb81a48bd20e5f3cb4921e7bbc911a3ae62c02977479ebe40a,Velmora_Championship_Stadiums_18_Map_Set(1)
orduk-line,Orduk Line,Velmora League One,Junction Field,assets/quidditch-engine/arenas/clubs/orduk-line.webp,232798,9345baef9eaddeb8cf7188c2873427c27e942bff83110f0cf1e155e37da6fb66,Velmora_League_One_Stadiums_18_Map_Set(1)
orsanne,Orsanne,Repo Sports League,Rosewater,assets/quidditch-engine/arenas/clubs/orsanne.webp,431108,e838ea576d61c2b44a144e9fd4bb569edbaa200706af0967689f3f44617b1206,Repo_Sports_League_18_Stadiums_First_Pass_v1
ossa-mere,Ossa Mere,Repo Sports League,Mere Gardens,assets/quidditch-engine/arenas/clubs/ossa-mere.webp,389458,645d92ac87fd248479631c6fed570ee7dda9bf425e6b7e1a3b7a89f74f3640f5,Repo_Sports_League_18_Stadiums_First_Pass_v1
porto-ciro,Porto Ciro,Velmora League One,Ciro Docks,assets/quidditch-engine/arenas/clubs/porto-ciro.webp,435866,e9e7485f90caacad8d0891e487e92b1d1057f0f17571e251c3ada1bb05ea20d8,Velmora_League_One_Stadiums_18_Map_Set(1)
qadira-wells,Qadira Wells,Velmora League Two,Three Wells Ground,assets/quidditch-engine/arenas/clubs/qadira-wells.webp,316050,be1c93624c003bd98c73cdf1df192ae24236650a3fe7315a937dbc187fcd4038,Velmora_League_Two_Stadiums_18_Map_Set(1)
qasra-crown,Qasra Crown,Velmora Championship,Crown Court,assets/quidditch-engine/arenas/clubs/qasra-crown.webp,457078,e8501c43cd53dcfa1a281d5f1a9358594c061519d95b785c950913d01b1ba8b8,Velmora_Championship_Stadiums_18_Map_Set(1)
redenna,Redenna,Velmora League Two,Kiln Park,assets/quidditch-engine/arenas/clubs/redenna.webp,330974,311ebfbc6dfe838b65aa82e1f81d9ef59b200f3d8206ca099c8d7fba73dac4e6,Velmora_League_Two_Stadiums_18_Map_Set(1)
redwick,Redwick,Velmora League One,Kiln Lane,assets/quidditch-engine/arenas/clubs/redwick.webp,223372,cfb120b5bdb00123065bec4f76959033f0f6a560b8cd093cbea98dc7411740b7,Velmora_League_One_Stadiums_18_Map_Set(1)
roskar,Roskar,Velmora League One,Border Field,assets/quidditch-engine/arenas/clubs/roskar.webp,220478,8c81fff9412f7f8318072068d10cc4708b8e6b7fc3491d9954bbf113ed2e8406,Velmora_League_One_Stadiums_18_Map_Set(1)
rova-end,Rova End,Repo Sports League,Lastlight,assets/quidditch-engine/arenas/clubs/rova-end.webp,485008,3e1ba4927911737344d9a4b43dff3f0bbfe46cef4f2fde33f0cd1bcc46a572e8,Repo_Sports_League_18_Stadiums_First_Pass_v1
rovar-dock,Rovar Dock,Velmora League One,Crane Yard,assets/quidditch-engine/arenas/clubs/rovar-dock.webp,350108,13ce9a0c67c7308510187373a1a6a83ac29d2afdb0a85123d52b9f66d13cd9db,Velmora_League_One_Stadiums_18_Map_Set(1)
sablefen,Sablefen,Velmora League Two,Fen Ferry Ground,assets/quidditch-engine/arenas/clubs/sablefen.webp,237338,22dfa77a5fed4a5bec2aa649f1b860dcf6e6aded1c658808cc563b9869ca8684,Velmora_League_Two_Stadiums_18_Map_Set(1)
sahir-gate,Sahir Gate,Velmora Championship,Western Arch,assets/quidditch-engine/arenas/clubs/sahir-gate.webp,314618,88dc741ed2811f76e3a103a247af7b41acc3339cf2d1cccbd7d09ee9cc0b3845,Velmora_Championship_Stadiums_18_Map_Set(1)
saint-ciro,Saint Ciro,Repo Sports League,Basilica Ciro,assets/quidditch-engine/arenas/clubs/saint-ciro.webp,467556,fd74f6589344bc3566c4d8400695aa17217c1ab4627171cee37ffe4e90bf5866,Repo_Sports_League_18_Stadiums_First_Pass_v1
san-terva,San Terva,Velmora League Two,Terva Close,assets/quidditch-engine/arenas/clubs/san-terva.webp,366292,dd2fc38e1f802f6ed355952bc9079ba3b474314ea0afcaaaa5a4110a6d56fac2,Velmora_League_Two_Stadiums_18_Map_Set(1)
seluq,Seluq,Velmora League One,Crossroads Arena,assets/quidditch-engine/arenas/clubs/seluq.webp,404354,8f661c2159c390f05d365c940c5b689a18199f468e6776d00e23248ef45006c2,Velmora_League_One_Stadiums_18_Map_Set(1)
serevan,Serevan,Velmora League One,Measure Field,assets/quidditch-engine/arenas/clubs/serevan.webp,340122,80c59eeb3c4eb0826adff5c9c3d201aecddc667cb5ade37c01f5d9bb1fb33ef0,Velmora_League_One_Stadiums_18_Map_Set(1)
skarholt,Skarholt,Repo Sports League,Axe Ridge,assets/quidditch-engine/arenas/clubs/skarholt.webp,454848,7d7ccf321d5d095c33be37182276ba64c2a152016a9b4bae15a87a22567f0244,Repo_Sports_League_18_Stadiums_First_Pass_v1
solmere,Solmere,Velmora League One,Academy Mere,assets/quidditch-engine/arenas/clubs/solmere.webp,391324,5f4fbb6f33389da6bebfd52eb2a188e6fa51c81abc92746cf0190a7eb54d41ee,Velmora_League_One_Stadiums_18_Map_Set(1)
sorevane,Sorevane,Velmora Championship,Vane National,assets/quidditch-engine/arenas/clubs/sorevane.webp,317048,6d4d6326b0e533452a673ba01b392869c908ef10ccdb2320241fd8229a2bfddc,Velmora_Championship_Stadiums_18_Map_Set(1)
talun-cross,Talun Cross,Repo Sports League,Fourways,assets/quidditch-engine/arenas/clubs/talun-cross.webp,380468,736942d14267cc63ea1569b125b84cf8495afffaef344ffc763a3da68f8f80a0,Repo_Sports_League_18_Stadiums_First_Pass_v1
thornmere,Thornmere,Velmora League One,Needle Park,assets/quidditch-engine/arenas/clubs/thornmere.webp,428602,abf04fcaf5425bbc1d5c06947d6ad3bf0b7d9831787f579c0d5c9b2b899be155,Velmora_League_One_Stadiums_18_Map_Set(1)
ulven-reach,Ulven Reach,Velmora League Two,Wolfpass Field,assets/quidditch-engine/arenas/clubs/ulven-reach.webp,375324,b7be560283377a359fbbdc3fff73022a553f92c4402386bb2733888b892e313a,Velmora_League_Two_Stadiums_18_Map_Set(1)
valenne,Valenne,Velmora Championship,Galerie Park,assets/quidditch-engine/arenas/clubs/valenne.webp,400264,3a33876bdc5a84bebb1e4f3f103e43cbfcdd0fe18b39e2b5e3eab81f960c478d,Velmora_Championship_Stadiums_18_Map_Set(1)
valeron,Valeron,Velmora Championship,Founders Lawn,assets/quidditch-engine/arenas/clubs/valeron.webp,385768,7440f1661fe105981664529b84035e76a1c9ccd02093ac8dc65fca481b6212f4,Velmora_Championship_Stadiums_18_Map_Set(1)
varka-fell,Varka Fell,Repo Sports League,Fell Crown,assets/quidditch-engine/arenas/clubs/varka-fell.webp,321336,2835e45f7e59d71098115a23a047fdfa1582c3a84f345341f08fbce784da03e8,Repo_Sports_League_18_Stadiums_First_Pass_v1
vel-qadir,Vel Qadir,Velmora League Two,Provincial Bowl,assets/quidditch-engine/arenas/clubs/vel-qadir.webp,324026,9b1faaf6ffa4840e3591be8f342bced0e6036cc5b03b2a437348b71c927b0174,Velmora_League_Two_Stadiums_18_Map_Set(1)
verdant-rise,Verdant Rise,Velmora League One,Rise Park,assets/quidditch-engine/arenas/clubs/verdant-rise.webp,280934,2440e9e439902562767f99a86015ab46838aa36ae48992514d29ed3b98cc80f7,Velmora_League_One_Stadiums_18_Map_Set(1)
veyr-khor,Veyr Khor,Velmora League One,Orelands Ground,assets/quidditch-engine/arenas/clubs/veyr-khor.webp,428098,7f13b5604ee1f8e3f8351bfa4f1e0223906ab07ba123d177991d7607d27aaa8f,Velmora_League_One_Stadiums_18_Map_Set(1)
vostran,Vostran,Velmora League One,The Stamping Ground,assets/quidditch-engine/arenas/clubs/vostran.webp,330380,a97fd6e62a51ed76e8bfed4d97eec8a30fc43f7de5a15bd4ecd95880da6c6385,Velmora_League_One_Stadiums_18_Map_Set(1)
warmvein,Warmvein,Velmora League Two,Thermal Park,assets/quidditch-engine/arenas/clubs/warmvein.webp,313844,577a2a31d6a2ada892d30733a199bc1958f697cad0f2111b094a4e71e6e05276,Velmora_League_Two_Stadiums_18_Map_Set(1)
zafir-row,Zafir Row,Repo Sports League,The Saffron Bowl,assets/quidditch-engine/arenas/clubs/zafir-row.webp,537120,8d638d3584fa599d8df1d35dc18bb875c3730a5c1d346ba3faade1d92603ac44,Repo_Sports_League_18_Stadiums_First_Pass_v1
